read_file,total_reads,total_bases,percent_bases_mapped,chr_coverage_avg,chr_coverage_rel_variance,chr_num_reads_mapped,chr_num_bases_mapped,chr_length,chr_nbinom_fit_mean,chr_nbinom_fit_rel_var,pab1_coverage_avg,pab1_coverage_rel_variance,pab1_num_reads_mapped,pab1_num_bases_mapped,pab1_length,pab1_nbinom_fit_mean,pab1_nbinom_fit_rel_var,pab2_coverage_avg,pab2_coverage_rel_variance,pab2_num_reads_mapped,pab2_num_bases_mapped,pab2_length,pab2_nbinom_fit_mean,pab2_nbinom_fit_rel_var,pab3_coverage_avg,pab3_coverage_rel_variance,pab3_num_reads_mapped,pab3_num_bases_mapped,pab3_length,pab3_nbinom_fit_mean,pab3_nbinom_fit_rel_var
7141_S7_L001_R1_001_trimmed,5877421,645214788,645214788,148.66,21.64,5431010.0,595579637.83,3972672,164.41,17.07,190.61,45.85,148914.0,16349235.0,83610,170.41,32.99,1418.58,311.45,111787.0,12256811.0,8731,1672.84,258.34,8539.69,490.64,137273.0,15193927.0,1967,8274.42,374.57
7142_S8_L001_R1_001_trimmed,6082444,653190129,653190129,148.3,21.03,5547429.0,595013509.25,3972672,163.09,14.77,186.84,107.47,150481.0,16302500.0,83610,161.14,33.95,1866.03,398.69,150335.0,16122678.0,8731,8384.76,4461.29,11355.48,758.46,187697.0,20203225.0,1967,11722.98,809.41
7143_S9_L001_R1_001_trimmed,6211056,690824568,690824568,159.14,20.7,5754072.0,639361857.43,3972672,172.59,13.57,156.8,35.27,120090.0,13403579.0,83610,159.09,29.2,1985.33,404.32,153426.0,17124339.0,8731,2515.77,493.1,8834.82,560.49,140143.0,15655991.0,1967,8571.47,300.92
7144_S10_L001_R1_001_trimmed,6201937,679340420,679340420,158.51,20.41,5826199.0,637533133.79,3972672,174.27,14.1,194.59,102.95,152334.0,16858098.0,83610,175.77,41.69,1167.36,237.61,92190.0,10082915.0,8731,1410.54,173.03,5725.31,377.28,93029.0,10187917.0,1967,5556.37,260.66
725B_S21_L001_R1_001_trimmed,5014015,551217329,551217329,125.88,15.78,4616261.0,507286950.62,3972672,136.05,10.9,132.92,49.29,103082.0,11401963.0,83610,132.99,29.48,1307.54,246.15,103599.0,11310072.0,8731,1542.46,180.31,9154.67,516.4,150744.0,16358272.0,1967,9761.5,634.8
733-1_S28_L001_R1_001_trimmed,4465553,523056096,523056096,117.28,18.87,4036589.0,472695095.94,3972672,118.02,13.73,119.03,15.69,72297.0,8399108.0,83610,122.97,13.13,2274.84,462.42,166793.0,19548616.0,8731,2678.97,236.56,10479.98,563.34,159204.0,18621669.0,1967,10384.63,236.47
733-2_S31_L001_R1_001_trimmed,7795768,844975111,844975111,202.57,27.0,7473761.0,809780065.27,3972672,223.33,19.47,159.83,32.87,106629.0,11370496.0,83610,179.03,40.34,907.32,182.38,73009.0,7849422.0,8731,1087.1,161.74,6053.79,374.98,100351.0,10827515.0,1967,5924.87,332.91
733-3_S32_L001_R1_001_trimmed,4415412,512404847,512404847,121.44,17.74,4208463.0,488307511.67,3972672,124.28,13.52,121.83,17.76,73902.0,8584012.0,83610,121.49,13.11,678.34,131.8,50616.0,5846812.0,8731,793.18,102.12,4175.5,214.9,64775.0,7438433.0,1967,4162.66,89.49
733-5_S34_L001_R1_001_trimmed,7396780,797801906,797801906,192.67,28.03,7149523.0,770886530.05,3972672,213.17,21.4,147.66,34.53,99868.0,10584648.0,83610,159.49,37.16,601.63,132.43,49038.0,5208597.0,8731,727.03,93.72,3626.64,261.46,60377.0,6455372.0,1967,3243.13,146.45
733-6_S35_L001_R1_001_trimmed,5488038,626503363,626503363,146.2,20.58,5142924.0,586986374.47,3972672,156.3,15.84,161.56,29.06,100539.0,11415809.0,83610,169.48,28.07,1184.87,239.88,89789.0,10203458.0,8731,1405.44,182.51,6676.7,316.75,104700.0,11912126.0,1967,6529.81,214.63
NRA275_S168_L008_R1_001_minlen_trimmed,1007168,95321860,95321860,22.23,4.96,929781.0,87996612.04,3972672,24.52,5.06,61.25,16.87,46690.0,4367881.0,83610,66.71,18.7,149.35,36.74,13523.0,1278258.0,8731,416.21,215.84,643.44,34.17,12346.0,1174966.0,1967,654.69,42.67
NRA276_S169_L008_R1_001_minlen_trimmed,1558366,146670084,146670084,34.16,7.42,1437432.0,135298516.41,3972672,37.57,7.12,93.77,24.94,72140.0,6702360.0,83610,106.55,32.23,234.09,61.11,21643.0,2031762.0,8731,405.54,181.69,1026.96,54.11,19690.0,1865709.0,1967,991.28,46.87
NRA277_S87_L008_R1_001_minlen_trimmed,2221065,211686380,211686380,48.34,6.83,2007376.0,191306383.03,3972672,53.11,5.32,27.44,7.03,18165.0,1716849.0,83610,33.57,10.61,912.56,221.47,83862.0,7980228.0,8731,0.0,0.0,5091.31,260.34,98163.0,9294328.0,1967,5199.97,323.71
NRA278_S88_L008_R1_001_minlen_trimmed,2431850,235637792,235637792,56.61,8.13,2292879.0,222070550.97,3972672,61.3,5.96,43.37,10.51,19542.0,1893171.0,83610,72.75,29.03,686.6,161.48,60772.0,5894215.0,8731,0.0,96.65,2606.84,126.05,48882.0,4743597.0,1967,2552.99,95.59
NRA279_S89_L008_R1_001_minlen_trimmed,3289903,312323938,312323938,71.36,10.6,2968786.0,281655180.44,3972672,79.2,7.8,32.99,8.68,24747.0,2334289.0,83610,34.49,7.52,1441.25,348.13,130959.0,12459630.0,8731,1769.47,259.01,7502.5,383.79,144179.0,13690201.0,1967,7489.59,408.52
NRA280_S90_L008_R1_001_minlen_trimmed,3453629,329902790,329902790,72.77,10.02,2998031.0,286411998.12,3972672,80.25,6.85,18.69,5.29,12312.0,1167906.0,83610,17.79,6.09,1731.88,415.42,156469.0,14960569.0,8731,2174.65,233.14,13321.95,735.08,256501.0,24278184.0,1967,13297.07,743.12
NRA281_S91_L008_R1_001_minlen_trimmed,2806623,267486203,267486203,51.9,7.57,2147060.0,204233136.67,3972672,57.43,5.58,22.34,6.83,16707.0,1579129.0,83610,24.64,6.66,1444.22,370.6,129700.0,12469226.0,8731,3001.01,1209.87,24513.17,1340.66,467771.0,44646583.0,1967,24322.66,1340.51
NRA282_S92_L008_R1_001_minlen_trimmed,2666356,253664407,253664407,52.09,7.69,2158105.0,204860292.89,3972672,57.68,5.68,31.38,9.11,23508.0,2229133.0,83610,37.93,11.62,1207.93,304.94,108522.0,10425132.0,8731,3187.93,1552.95,17921.07,901.78,341917.0,32685563.0,1967,18100.7,1020.4
NRA283_S93_L008_R1_001_minlen_trimmed,3042660,289273274,289273274,58.12,8.65,2417373.0,229773772.57,3972672,64.24,6.1,43.88,12.41,32782.0,3100332.0,83610,62.51,24.45,1286.46,333.43,116355.0,11113942.0,8731,629.78,120.32,22489.58,1278.56,433637.0,41010889.0,1967,22234.96,1233.77
NRA284_S94_L008_R1_001_minlen_trimmed,1987621,188998649,188998649,37.17,5.89,1532152.0,145455298.1,3972672,40.95,4.37,20.87,6.48,13253.0,1253655.0,83610,25.98,7.11,1043.33,285.17,93597.0,8968256.0,8731,1293.48,185.17,16576.95,876.64,317953.0,30236570.0,1967,16762.13,1004.19
NRA285_S95_L008_R1_001_minlen_trimmed,1799991,177445963,177445963,40.17,57.12,1613231.0,158987700.32,3972672,38.98,5.9,26.25,10.15,18385.0,1811628.0,83610,30.14,7.26,790.0,208.51,68899.0,6794212.0,8731,992.72,97.78,4771.62,240.34,88110.0,8677057.0,1967,4819.9,146.45
NRA286_S96_L008_R1_001_minlen_trimmed,1315520,129988704,129988704,30.39,5.28,1213040.0,119818822.0,3972672,31.81,4.35,24.51,6.0,14362.0,1420944.0,83610,26.64,5.28,462.35,122.69,40208.0,3974457.0,8731,562.86,59.66,2270.23,94.28,41981.0,4142159.0,1967,2266.93,68.35
NRA287_S97_L008_R1_001_minlen_trimmed,1270586,125132054,125132054,26.1,4.75,1044155.0,102822683.0,3972672,27.43,3.92,8.1,2.41,5057.0,499206.0,83610,8.43,2.51,1246.82,337.87,108924.0,10717155.0,8731,1641.44,283.51,5447.63,233.48,101028.0,9919066.0,1967,5457.2,157.94
NRA288_S98_L008_R1_001_minlen_trimmed,868775,86390919,86390919,18.93,3.6,756859.0,75231998.87,3972672,19.18,3.09,14.68,3.29,10249.0,1021996.0,83610,15.21,2.84,548.58,121.37,47196.0,4701297.0,8731,657.59,52.3,2656.87,124.07,48862.0,4854039.0,1967,2706.49,84.65
NRA289_S99_L008_R1_001_minlen_trimmed,1590710,156853379,156853379,34.49,5.9,1380498.0,136089868.52,3972672,35.96,4.77,209.47,43.7,80907.0,7980625.0,83610,220.9,26.92,582.79,134.76,50865.0,5011568.0,8731,866.09,223.62,3739.96,179.37,68823.0,6773082.0,1967,3687.1,118.86
NRA290_S100_L008_R1_001_minlen_trimmed,1604096,151599307,151599307,33.27,5.56,1393901.0,131748378.0,3972672,37.0,4.76,36.06,9.73,27334.0,2554035.0,83610,40.45,11.79,646.67,162.24,59160.0,5587213.0,8731,2503.73,1542.55,5676.36,330.14,110341.0,10348888.0,1967,5600.36,339.05
NRA291_S101_L008_R1_001_minlen_trimmed,2419230,228730519,228730519,52.81,143.49,2213442.0,209153566.07,3972672,52.74,6.0,33.33,8.77,25189.0,2362505.0,83610,39.48,11.91,628.85,151.63,57387.0,5436273.0,8731,4517.69,3263.24,5536.21,277.32,106873.0,10105183.0,1967,5480.48,285.55
NRA292_S102_L008_R1_001_minlen_trimmed,2391804,226943620,226943620,46.91,7.32,1950073.0,184808087.67,3972672,51.94,5.92,17.29,4.99,11103.0,1049837.0,83610,20.53,7.33,1365.47,329.19,123917.0,11796836.0,8731,1674.32,233.76,14470.33,745.31,277905.0,26383586.0,1967,14344.23,768.47
NRA293_S103_L008_R1_001_minlen_trimmed,2512313,236499912,236499912,53.7,13.05,2262304.0,212929147.39,3972672,55.56,11.4,55.12,15.12,42181.0,3930524.0,83610,69.91,23.16,864.48,215.15,79467.0,7479905.0,8731,1306.43,437.98,5739.43,366.88,111681.0,10454913.0,1967,5537.41,314.12
NRA294_S104_L008_R1_001_minlen_trimmed,2126015,201317088,201317088,45.19,13.89,1891520.0,178999479.2,3972672,48.26,6.66,23.73,6.25,18030.0,1688126.0,83610,28.35,9.52,681.46,159.54,62139.0,5892640.0,8731,849.44,92.4,7116.18,371.6,136843.0,12956496.0,1967,7123.72,386.63
NRA295_S105_L008_R1_001_minlen_trimmed,2184942,207250494,207250494,47.33,9.43,1978557.0,187727224.43,3972672,50.84,8.37,45.75,11.84,34368.0,3240199.0,83610,49.16,11.98,613.54,152.67,56704.0,5366403.0,8731,0.0,0.0,5192.15,306.23,101084.0,9459481.0,1967,5342.72,356.46
NRA296_S106_L008_R1_001_minlen_trimmed,2162343,205176552,205176552,48.12,10.99,2008735.0,190533781.56,3972672,49.95,9.58,32.15,9.0,14914.0,1399729.0,83610,37.25,10.38,452.17,107.92,40783.0,3876576.0,8731,595.63,159.83,4373.89,242.02,84322.0,7971329.0,1967,4586.09,316.53
NRA297_S107_L008_R1_001_minlen_trimmed,1704321,167214196,167214196,36.95,8.61,1498084.0,146920090.33,3972672,37.54,7.01,30.03,8.31,17243.0,1691651.0,83610,31.5,8.1,781.95,204.9,68441.0,6725235.0,8731,1368.03,471.08,5826.2,306.8,107782.0,10563243.0,1967,5816.41,196.09
NRA298_S108_L008_R1_001_minlen_trimmed,1189523,117195685,117195685,25.41,6.42,1026567.0,101073248.0,3972672,25.1,4.97,27.87,7.76,14139.0,1395316.0,83610,29.41,6.06,649.83,163.94,56318.0,5568304.0,8731,831.16,125.48,4493.17,237.63,82768.0,8158029.0,1967,4500.05,167.88
NRA299_S109_L008_R1_001_minlen_trimmed,1460619,142048288,142048288,31.07,7.09,1266192.0,123068936.1,3972672,32.09,6.13,38.22,9.91,27743.0,2694303.0,83610,42.67,10.33,711.25,172.51,62834.0,6122033.0,8731,616.79,170.8,4975.21,246.18,92906.0,9039544.0,1967,4911.3,178.18
NRA301_S110_L008_R1_001_minlen_trimmed,1125883,111448819,111448819,21.75,5.05,875678.0,86615297.67,3972672,21.68,4.14,17.5,4.25,12400.0,1229671.0,83610,18.12,3.57,1080.54,253.81,93566.0,9286304.0,8731,1323.46,104.4,7105.42,344.73,130598.0,12927458.0,1967,7223.84,225.25
NRA302_S111_L008_R1_001_minlen_trimmed,2253911,214417293,214417293,49.67,9.97,2070422.0,196930686.33,3972672,53.33,8.88,60.12,16.04,45275.0,4267599.0,83610,63.91,18.87,679.68,174.82,61744.0,5879815.0,8731,826.63,117.74,3378.84,186.65,65062.0,6153578.0,1967,3367.43,189.98
NRA303_S112_L008_R1_001_minlen_trimmed,1918107,182974542,182974542,40.37,8.83,1670163.0,159315254.67,3972672,42.1,7.69,15.69,4.79,7381.0,704002.0,83610,18.96,5.84,917.65,226.96,83057.0,7927004.0,8731,1133.94,154.89,7328.8,418.05,141003.0,13353107.0,1967,7124.1,373.07
NRA304_S113_L008_R1_001_minlen_trimmed,3432243,322012904,322012904,73.41,16.98,3101894.0,290776969.67,3972672,77.85,14.62,97.02,22.73,75074.0,6950433.0,83610,114.11,31.32,1010.23,243.17,92831.0,8730980.0,8731,3854.23,2106.31,7352.4,405.12,141493.0,13404696.0,1967,7365.35,439.18
NRA306_S114_L008_R1_001_minlen_trimmed,4060421,387005672,387005672,91.04,16.66,3795369.0,361647397.0,3972672,100.48,13.88,64.64,18.93,29587.0,2806204.0,83610,71.55,21.77,1275.55,338.71,115509.0,11004876.0,8731,1606.12,211.6,5211.0,317.77,100170.0,9486824.0,1967,5056.78,285.27
NRA307_S115_L008_R1_001_minlen_trimmed,3993644,382648259,382648259,86.05,14.59,3565507.0,341466483.27,3972672,93.47,12.05,50.61,13.21,22721.0,2163531.0,83610,74.26,27.43,1363.72,322.2,122264.0,11755715.0,8731,1682.59,257.0,13206.26,733.65,251299.0,24009140.0,1967,13592.81,871.61
NRA308_S116_L008_R1_001_minlen_trimmed,3134088,299596006,299596006,64.45,14.46,2668436.0,255010047.33,3972672,66.28,11.61,17.3,5.24,12748.0,1207125.0,83610,21.21,7.79,1351.95,342.71,121715.0,11673039.0,8731,2374.48,903.38,15556.62,921.23,297518.0,28302606.0,1967,15705.73,994.53
NRA309_S117_L008_R1_001_minlen_trimmed,2762029,263724333,263724333,56.41,10.22,2331282.0,222479727.38,3972672,60.83,8.58,90.14,24.34,67692.0,6411145.0,83610,136.78,53.99,1019.96,255.33,92596.0,8892137.0,8731,1661.0,639.1,12703.73,700.65,242878.0,23145087.0,1967,12307.83,627.13
NRA310_S118_L008_R1_001_minlen_trimmed,2637456,250963966,250963966,56.89,14.54,2366395.0,225182797.65,3972672,56.46,11.92,20.4,5.8,9090.0,858459.0,83610,21.03,5.62,899.85,228.53,81935.0,7775077.0,8731,1139.13,169.59,8303.06,485.64,160033.0,15111317.0,1967,8317.33,501.58
NRA311_S119_L008_R1_001_minlen_trimmed,1808988,177757538,177757538,37.1,7.36,1491243.0,146495747.28,3972672,38.2,5.84,16.64,4.88,11788.0,1159858.0,83610,16.77,3.58,1496.61,394.85,131035.0,12882271.0,8731,4249.59,2036.48,8492.03,432.82,157121.0,15403583.0,1967,8347.99,280.08
NRA312_S120_L008_R1_001_minlen_trimmed,1745128,171750762,171750762,37.83,10.02,1527300.0,150259445.32,3972672,36.6,7.38,25.81,6.63,14430.0,1421657.0,83610,25.09,5.16,1027.03,262.26,89688.0,8835290.0,8731,1322.98,193.97,5483.79,291.17,101197.0,9947301.0,1967,5474.05,194.81
NRA313_S121_L008_R1_001_minlen_trimmed,1973021,190030781,190030781,42.11,10.29,1730284.0,166501390.0,3972672,42.89,8.7,13.25,4.06,10015.0,962808.0,83610,17.62,7.19,1160.39,301.63,103400.0,10003904.0,8731,1453.59,166.93,6067.74,332.74,114307.0,11026242.0,1967,5961.71,280.83
NRA314_S122_L008_R1_001_minlen_trimmed,2577426,246218657,246218657,52.64,9.72,2182719.0,208219990.44,3972672,57.86,8.75,17.58,5.3,10979.0,1042592.0,83610,26.62,11.54,1351.82,318.27,121010.0,11621335.0,8731,2487.03,941.5,12406.52,647.69,235640.0,22589570.0,1967,12379.89,649.43
NRA315_S123_L008_R1_001_minlen_trimmed,4128642,391329816,391329816,84.25,14.99,3518061.0,333553599.66,3972672,92.34,12.38,46.37,12.45,21548.0,2028180.0,83610,50.58,12.16,2469.72,603.86,225753.0,21342096.0,8731,6767.84,3294.0,16742.73,873.27,325123.0,30547778.0,1967,16201.94,724.77
NRA316_S124_L008_R1_001_minlen_trimmed,3764626,355366346,355366346,79.14,15.64,3344288.0,315592562.4,3972672,84.16,12.46,173.31,39.21,131823.0,12324077.0,83610,215.54,57.54,934.16,224.61,85382.0,8074269.0,8731,1250.6,333.81,9172.42,443.26,177391.0,16746910.0,1967,8937.52,389.94
NRA317_S125_L008_R1_001_minlen_trimmed,3847064,362354114,362354114,82.62,17.26,3513945.0,331014946.28,3972672,88.46,14.41,123.02,31.15,94036.0,8757066.0,83610,155.3,45.78,747.18,189.58,68752.0,6460754.0,8731,1839.26,861.56,7549.43,415.87,147608.0,13788974.0,1967,7313.72,381.5
NRA319_S126_L008_R1_001_minlen_trimmed,3697826,350920591,350920591,80.66,15.47,3376284.0,320349335.98,3972672,86.58,12.4,44.24,11.78,29760.0,2798452.0,83610,45.4,8.67,1341.9,326.01,122179.0,11575518.0,8731,1622.91,237.19,7622.79,396.14,147455.0,13913637.0,1967,7527.16,387.69
NRA320_S127_L008_R1_001_minlen_trimmed,2702491,255553666,255553666,62.21,11.42,2607380.0,246512964.41,3972672,68.26,9.65,32.37,10.19,15919.0,1482732.0,83610,37.41,10.49,360.1,92.94,33100.0,3113720.0,8731,556.82,223.0,1829.17,102.38,35475.0,3329941.0,1967,1782.1,97.7
NRA321_S128_L008_R1_001_minlen_trimmed,2702019,254815410,254815410,58.77,11.16,2474956.0,233309176.28,3972672,64.36,9.72,38.63,11.43,20664.0,1920428.0,83610,50.11,16.92,969.79,246.24,88838.0,8378285.0,8731,1380.96,387.77,5219.8,280.39,101023.0,9510952.0,1967,5147.8,272.86
NRA322_S129_L008_R1_001_minlen_trimmed,3219229,302087878,302087878,68.25,12.92,2886983.0,270532190.44,3972672,74.42,11.79,62.32,15.88,29437.0,2716092.0,83610,69.26,16.45,999.22,238.42,91189.0,8632896.0,8731,1304.07,380.62,9633.59,450.37,185711.0,17583372.0,1967,9459.13,437.56
NRA323_S130_L008_R1_001_minlen_trimmed,3431114,322713367,322713367,73.87,15.05,3122540.0,293364025.71,3972672,79.67,12.94,65.02,15.83,31117.0,2882434.0,83610,71.71,16.86,913.75,234.09,83401.0,7889973.0,8731,1269.33,436.25,8756.58,439.18,168217.0,15953272.0,1967,8584.01,417.55
NRA324_S131_L008_R1_001_minlen_trimmed,3475316,327360393,327360393,75.08,14.06,3176658.0,298932638.16,3972672,81.41,11.61,66.86,16.39,32128.0,2985119.0,83610,74.68,17.34,897.04,229.37,83186.0,7852115.0,8731,0.0,0.0,8288.57,431.16,158914.0,15097698.0,1967,8052.37,366.43
NRA325_S132_L008_R1_001_minlen_trimmed,2998423,283015215,283015215,59.55,13.1,2502860.0,236000043.67,3972672,61.89,11.07,22.8,5.74,15988.0,1494372.0,83610,25.92,6.74,1522.77,367.57,138768.0,13154986.0,8731,1874.71,243.27,15893.63,810.21,307047.0,28968177.0,1967,15547.67,707.7
NRA326_S133_L008_R1_001_minlen_trimmed,3597988,338375421,338375421,76.5,15.28,3234516.0,303765291.31,3972672,81.25,13.08,67.46,15.82,46490.0,4319196.0,83610,79.44,21.5,1030.35,249.91,93724.0,8900871.0,8731,975.32,97533.36,10154.75,470.53,195032.0,18525142.0,1967,9851.76,397.4
NRA327_S134_L008_R1_001_minlen_trimmed,3540181,335668483,335668483,71.57,11.56,3009434.0,285032847.53,3972672,76.47,9.09,145.81,28.62,110458.0,10375728.0,83610,163.96,29.11,1228.15,267.48,111221.0,10607370.0,8731,1625.05,385.0,14438.34,556.24,276998.0,26404117.0,1967,14432.48,574.66
NRA328_S135_L008_R1_001_minlen_trimmed,4233451,393368985,393368985,93.33,20.61,4003447.0,371811165.33,3972672,98.9,16.82,81.03,21.61,62925.0,5773755.0,83610,93.64,28.06,642.62,163.85,59889.0,5559641.0,8731,1519.31,774.56,4387.13,208.57,85725.0,8022564.0,1967,4312.6,216.78
NRA329_S136_L008_R1_001_minlen_trimmed,3901831,361710086,361710086,84.64,15.42,3634883.0,336576400.37,3972672,96.38,14.52,73.36,21.26,49350.0,4507249.0,83610,96.03,37.97,789.58,208.82,73278.0,6832673.0,8731,976.19,254.05,6087.28,310.97,117709.0,11109051.0,1967,5594.27,220.48
NRA330_S137_L008_R1_001_minlen_trimmed,3080613,289446862,289446862,67.85,12.03,2867408.0,269292994.05,3972672,76.04,10.13,41.03,11.86,31529.0,2922047.0,83610,53.25,19.64,864.33,232.44,79503.0,7472482.0,8731,1054.19,119.41,4419.39,230.46,85605.0,8057121.0,1967,4363.62,235.46
NRA331_S138_L008_R1_001_minlen_trimmed,2981598,280404799,280404799,63.83,11.45,2693732.0,253369240.64,3972672,71.32,9.38,216.42,66.74,100235.0,9259811.0,83610,232.83,60.18,808.34,224.03,74495.0,6986358.0,8731,3030.79,1771.98,4998.67,266.83,97041.0,9128805.0,1967,4920.13,270.32
NRA332_S139_L008_R1_001_minlen_trimmed,3200018,299493843,299493843,71.78,18.72,3045643.0,285133124.61,3972672,73.44,14.59,55.07,16.47,42832.0,3924644.0,83610,64.23,19.93,525.14,156.87,50250.0,4598834.0,8731,10090.92,6473.7,2453.78,153.52,48124.0,4464659.0,1967,2191.41,89.21
NRA333_S140_L008_R1_001_minlen_trimmed,3382349,317153740,317153740,68.98,12.05,2921383.0,273574023.33,3972672,77.14,9.67,48.26,14.86,30299.0,2790030.0,83610,46.34,10.95,1293.91,353.1,118545.0,11181250.0,8731,1186.47,435.13,14363.8,762.69,278148.0,26199830.0,1967,14016.22,707.96
NRA334_S141_L008_R1_001_minlen_trimmed,3360186,314862469,314862469,69.27,11.56,2944514.0,275522921.45,3972672,77.04,9.41,51.17,14.65,28713.0,2642058.0,83610,52.37,13.24,1120.97,286.07,102840.0,9686249.0,8731,1383.8,178.77,13046.52,630.81,252255.0,23808351.0,1967,12641.22,555.06
NRA335_S142_L008_R1_001_minlen_trimmed,3133234,292653630,292653630,65.71,12.43,2810038.0,262021233.89,3972672,73.85,11.63,52.76,15.62,40891.0,3754221.0,83610,55.63,15.92,784.89,204.61,72071.0,6784941.0,8731,940.31,119.29,9572.84,501.65,183817.0,17425844.0,1967,8942.77,385.57
NRA336_S143_L008_R1_001_minlen_trimmed,2959017,288457106,288457106,66.51,13.91,2728623.0,265916112.5,3972672,70.9,11.07,52.69,14.83,38389.0,3720576.0,83610,57.24,13.88,1079.21,326.96,95299.0,9290259.0,8731,1757.01,571.64,4464.29,225.9,83095.0,8103500.0,1967,4405.3,166.14
NRA337_S144_L008_R1_001_minlen_trimmed,3600393,339193035,339193035,79.94,13.33,3373637.0,317688580.79,3972672,89.17,11.19,64.15,15.48,42315.0,3937366.0,83610,72.33,16.95,832.2,201.68,76166.0,7186916.0,8731,887.21,290.16,4624.91,224.04,89409.0,8431871.0,1967,4513.02,208.0
NRA338_S145_L008_R1_001_minlen_trimmed,3276652,308620968,308620968,73.37,12.58,3103508.0,292214782.94,3972672,82.7,11.28,50.19,13.07,23985.0,2230503.0,83610,64.57,20.54,753.47,188.86,69236.0,6521818.0,8731,787.52,285.85,3348.88,167.23,65078.0,6108025.0,1967,3275.88,158.26
NRA339_S146_L008_R1_001_minlen_trimmed,3275523,307213640,307213640,73.91,12.9,3131545.0,293664172.79,3972672,83.08,10.39,44.26,13.7,26809.0,2472616.0,83610,46.18,15.72,515.56,135.9,47740.0,4456993.0,8731,645.99,95.69,2839.35,160.02,55709.0,5184415.0,1967,2749.67,149.8
NRA340_S147_L008_R1_001_minlen_trimmed,3047982,285378534,285378534,66.54,12.86,2819415.0,263753978.67,3972672,75.75,10.25,40.81,15.61,25445.0,2335299.0,83610,137.51,106.09,757.33,232.93,70077.0,6546591.0,8731,938.18,152.58,5938.93,352.45,113974.0,10785570.0,1967,5777.75,327.91
NRA341_S148_L008_R1_001_minlen_trimmed,2911002,274072200,274072200,64.76,12.77,2737513.0,257651935.53,3972672,74.36,11.12,42.62,15.09,32920.0,3050228.0,83610,53.84,21.87,574.97,178.77,52704.0,4953171.0,8731,5165.87,3869.11,3813.01,222.85,73617.0,6937640.0,1967,3594.51,176.61
NRA342_S149_L008_R1_001_minlen_trimmed,2171702,204309734,204309734,46.45,9.55,1957340.0,184075533.4,3972672,52.75,8.44,68.55,23.98,53033.0,4895421.0,83610,70.07,24.5,529.95,168.61,48599.0,4563627.0,8731,1062.53,467.67,5122.8,304.97,98321.0,9301630.0,1967,4938.84,280.93
NRA343_S150_L008_R1_001_minlen_trimmed,1310524,127341752,127341752,27.93,6.22,1130072.0,109709414.18,3972672,30.7,5.36,126.21,45.68,57985.0,5568412.0,83610,126.5,34.21,482.6,177.56,42905.0,4151581.0,8731,567.17,110.28,3598.72,201.1,66913.0,6517700.0,1967,3544.0,168.01
NRA344_S151_L008_R1_001_minlen_trimmed,2521671,237109344,237109344,54.38,10.78,2294273.0,215499821.34,3972672,61.88,9.34,36.28,12.93,17278.0,1584011.0,83610,37.18,12.96,665.83,214.35,61033.0,5756025.0,8731,598.07,233.3,6758.73,409.25,129410.0,12275055.0,1967,6360.05,328.46
NRA345_S152_L008_R1_001_minlen_trimmed,2349170,215283093,215283093,46.79,10.9,2017645.0,184517209.67,3972672,54.71,10.13,35.33,16.87,22355.0,1985510.0,83610,24.93,11.76,779.94,301.85,73090.0,6699407.0,8731,1247.53,557.72,10787.77,903.62,210586.0,19547242.0,1967,8601.31,300.31
NRA346_S153_L008_R1_001_minlen_trimmed,2135413,200224393,200224393,46.82,9.65,1980473.0,185692137.0,3972672,52.64,8.45,93.63,29.23,72679.0,6704955.0,83610,112.65,38.4,286.51,88.2,26520.0,2469947.0,8731,738.43,411.91,2284.88,140.62,43874.0,4139284.0,1967,2222.61,135.46
NRA347_S154_L008_R1_001_minlen_trimmed,2007467,189107944,189107944,44.76,9.31,1866644.0,175987731.67,3972672,51.62,8.06,173.25,64.54,83873.0,7714782.0,83610,218.94,90.57,274.37,91.61,25381.0,2368619.0,8731,362.78,107.79,1197.1,80.17,23275.0,2174656.0,1967,1161.1,78.55
NRA348_S155_L008_R1_001_minlen_trimmed,2016875,189853095,189853095,45.54,9.65,1911899.0,179915359.17,3972672,52.17,8.42,34.06,12.93,21825.0,2017261.0,83610,38.75,13.5,352.64,118.01,32285.0,3027155.0,8731,1375.34,807.55,2075.87,146.28,39805.0,3758303.0,1967,2107.36,148.71
NRA349_S156_L008_R1_001_minlen_trimmed,2212052,208887172,208887172,45.71,9.46,1918565.0,180991342.84,3972672,51.98,8.31,27.08,10.34,17365.0,1601844.0,83610,29.31,11.59,807.74,254.93,73766.0,6968783.0,8731,20942.49,18241.17,9432.59,576.66,180522.0,17119591.0,1967,8815.21,465.54
NRA350_S157_L008_R1_001_minlen_trimmed,2411995,225427117,225427117,52.98,10.47,2251286.0,210179527.67,3972672,59.47,8.98,40.88,15.15,21801.0,1995173.0,83610,42.68,18.69,477.37,144.33,43692.0,4095938.0,8731,609.98,152.57,4107.64,226.43,78470.0,7465760.0,1967,3779.39,151.63
NRA351_S158_L008_R1_001_minlen_trimmed,1946978,188992241,188992241,45.35,9.12,1841656.0,178711014.78,3972672,49.92,7.58,30.08,8.98,20329.0,1959897.0,83610,35.67,9.76,497.19,155.58,43875.0,4255807.0,8731,643.95,84.74,1823.62,91.82,34108.0,3320537.0,1967,1814.37,79.56
NRA352_S159_L008_R1_001_minlen_trimmed,1437224,136393176,136393176,30.33,5.53,1263863.0,119787992.72,3972672,33.33,5.21,155.26,34.32,58599.0,5503821.0,83610,170.83,39.77,398.28,96.3,36065.0,3438704.0,8731,444.31,93.03,3521.67,159.48,66768.0,6415144.0,1967,3334.05,117.37
NRA353_S160_L008_R1_001_minlen_trimmed,1143083,108297261,108297261,24.47,4.45,1025340.0,97004127.33,3972672,26.71,4.23,16.58,4.63,12559.0,1174112.0,83610,18.77,5.62,361.04,80.34,32725.0,3115942.0,8731,415.64,60.98,3332.12,139.37,63455.0,6083049.0,1967,3259.75,134.97
NRA354_S161_L008_R1_001_minlen_trimmed,1260364,118822430,118822430,26.25,4.86,1100917.0,103708490.67,3972672,28.99,4.76,143.82,38.63,65547.0,6083787.0,83610,150.54,40.7,324.73,77.38,29638.0,2806584.0,8731,664.73,373.72,2883.26,121.77,54749.0,5260398.0,1967,2829.57,122.08
NRA355_S162_L008_R1_001_minlen_trimmed,1206553,114103400,114103400,24.16,4.52,1012165.0,95530813.4,3972672,26.39,4.09,14.18,4.04,9732.0,906663.0,83610,14.78,4.07,637.41,151.78,58005.0,5508919.0,8731,669.49,208.77,5950.94,264.96,113753.0,10853810.0,1967,5810.51,237.52
NRA356_S163_L008_R1_001_minlen_trimmed,1200097,113069768,113069768,23.87,4.72,1008241.0,94890177.33,3972672,26.03,4.47,76.8,17.86,59025.0,5477602.0,83610,95.94,33.66,341.67,81.65,31248.0,2953775.0,8731,315.57,79.39,4736.18,212.33,90635.0,8644051.0,1967,4623.77,209.11
NRA357_S164_L008_R1_001_minlen_trimmed,706525,67570611,67570611,14.35,2.92,592284.0,56574662.73,3972672,15.61,2.98,9.35,2.85,6943.0,654881.0,83610,9.45,2.93,333.39,77.63,29757.0,2844176.0,8731,1199.2,684.38,3618.2,169.24,68826.0,6579670.0,1967,3499.63,148.35
NRA358_S165_L008_R1_001_minlen_trimmed,1200212,113110395,113110395,25.97,4.78,1094252.0,103051126.0,3972672,28.49,4.46,45.11,11.1,34520.0,3208117.0,83610,52.48,14.2,246.92,56.31,22498.0,2127757.0,8731,292.43,42.77,2197.49,98.26,41985.0,4007308.0,1967,2145.78,94.37
NRA359_S166_L008_R1_001_minlen_trimmed,1240380,117088287,117088287,26.96,5.02,1138690.0,107382126.49,3972672,29.74,4.72,23.14,6.09,17589.0,1635767.0,83610,23.01,4.96,298.55,70.37,27269.0,2581141.0,8731,524.84,272.49,2546.39,109.79,48644.0,4651236.0,1967,2471.49,98.88
NRA360_S167_L008_R1_001_minlen_trimmed,1183084,110628689,110628689,26.09,5.2,1105717.0,103267512.34,3972672,28.87,4.85,19.8,5.87,9138.0,839750.0,83610,19.56,6.59,249.64,62.72,22986.0,2160823.0,8731,315.39,95.14,1905.86,89.69,36416.0,3475807.0,1967,1928.88,111.3
